AÑO;FECHA;TÍTULO;NOMBRE_ARCHIVO;EJE_TEMÁTICO;PERSONAJES;PAÍSES_CANT_MENCIONES
1991;01/09/1991;El oscuro vidriero;1-Sep-1991.pdf;;;Alemania (1) - Estados Unidos (1) - Reino Unido (1)
1991;10/08/1991;La trompeta de Deyá;10-Ago-1991.pdf;;;Cuba (2) - Grecia (2) - México (1) - Nicaragua (1)
1991;14/09/1991;Yeltson y la nariz de Cleopatra;14-Sep-1991.pdf;;;China (1) - España (1) - Rusia (1) - URSS (4)
1991;15/03/1991;El Perú en llamas;15-Mar-1991.pdf;;;Argentina (1) - Cuba (1) - Perú (5)
1991;16/04/1991;La excepción chilena;16-Abr-1991.pdf;;;Australia (1) - Bolivia (1) - Chile (13) - España (2) - Haití (1) - México (1) - Perú (1)
1991;16/10/1991;Las palabras mentirosas;16-Oct-1991.pdf;;;Colombia (1) - Cuba (1) - Ecuador (1) - España (2) - Estados Unidos (1) - México (1) - Perú (6) - Venezuela (1)
1991;17/12/1991;Saúl Bellow y los cuentos chinos;17-Dic-1991.pdf;;;Canadá (1) - China (2) - Estados Unidos (4) - Francia (1) - Grecia (1) - Italia (1) - Rusia (1) - URSS (1)
1991;02/08/1991;Pasión helvética;2-Ago-1991.pdf;;;Cuba (1) - Estados Unidos (1) - Francia (1) - Perú (3) - Suecia (1) - Suiza (6)
1991;23/01/1991;De Gaulle cumple cien años;23-Ene-1991.pdf;;;Argelia (3) - Francia (12) - Vietnam (1)
1991;23/02/1991;Cataclismos de la libertad;23-Feb-1991.pdf;;;Estados Unidos (1) - Polonia (7)
1991;26/12/1991;Bienvenido, caos;26-Dic-1991.pdf;;;
1991;27/02/1991;Los pacifistas;27-Feb-1991.pdf;;;Estados Unidos (2) - Irán (2) - Israel (2) - Kuwait (2) - Vietnam (2) - URSS (1)
1991;29/03/1991;El juego de la piñata;29-Mar-1991.pdf;;;El Salvador (1) - Nicaragua (8)
1991;03/11/1991;Todos somos liberales;3-Nov-1991.pdf;;;Argentina (1) - Bolivia (1) - Colombia (1) - México (1) - Nicaragua (1) - Perú (1) - Venezuela (3)
1991;04/05/1991;Impresión fugaz de Vaclav Hável;4-May-1991.pdf;;;Argentina (1) - Chile (1) - Cuba (2) - Francia (1) - Polonia (1) - Checoslovaquia (3) - URSS (2)
1991;05/01/1991;Elogio de la Dama de Hierro;5-Ene-1991.pdf;;;Estados Unidos (1) - Reino Unido (1)
1991;06/02/1991;Acomodos con el cielo;6-Feb-1991.pdf;;;Irán (1)
1991;06/07/1991;El paraíso de los libros;6-Jul-1991.pdf;;;Bélgica (1) - Estados Unidos (1) - Francia (1) - Holanda (1)
1991;06/06/1991;El nacionalismo y la utopía;6-Jun-1991.pdf;;;Alemania (1) - Francia (1) - Grecia (1) - Prusia (1)
1991;06/09/1991;Presencia real;6-Sep-1991.pdf;;;China (1) - Francia (1)
1992;01/09/1992;Violencia y ficción;1-Sep-1992.pdf;;;Austria (1) - Bolivia (1) - Chile (1) - Cuba (1) - Líbano (2) - México (1) - Nicaragua (1) - Perú (10)
1992;03/08/1992;La moral de los cínicos;3-Ago-1992.pdf;;;Alemania (1) - Argelia (3) - Cuba (1) - España (1) - Estados Unidos (2) - Francia (4) - Haití (1) - Irán (1) - Perú (1) - Polonia (1) - Rusia (1) - Serbia (1) - Ucrania (1) - Venezuela (1)
1992;04/04/1992;Ruido de sables;4-Abr-1992.pdf;;;Argentina (1) - Bolivia (1) - Irán (2) - México (1) - Perú (2) - Reino Unido (1) - Venezuela (11)
1992;4/01/1992;Los viernes, milagro;4-Ene-1992.pdf;;;Francia (1)
1992;06/05/1992;El 'pueblo' y la 'gente decente';6-May-1992.pdf;;;Perú (14) - República Centroafricana (1) - Uganda (1)
1992;10/08/1992;La paradoja de Grosz;10-Ago-1992.pdf;;;Alemania (4) - Estados Unidos (4)
1992;10/10/1992;El preso 1509;10-Oct-1992.pdf;;;Argentina (1) - España (2) - Francia (1) - México (1) - Perú (15) - Venezuela (1)
1992;13/04/1992;Muerte y resurrección de Hayek;13-Abr-1992.pdf;;;Rusia (1) - Venezuela (1) - Unión Soviética (1)
1992;13/12/1992;Naciones, ficciones;13-Dic-1992.pdf;;;Corea del Norte (1) - Cuba (1) - España (1) - Estados Unidos (1) - Francia (1) - Guinea (1) - Italia (1) - Jordania (1) - Perú (1) - Vietnam (1) - Yugoslavia (1)
1992;15/06/1992;La dictadura perfecta;15-Jun-1992.pdf;;;Argentina (1) - Canadá (1) - Chile (1) - Costa Rica (1) - España (1) - Estados Unidos (2) - México (12) - Paraguay (1) - Uruguay (1) - Venezuela (1) - URSS (1)
1992;18/04/1992;Regreso a la barbarie;18-Abr-1992.pdf;;;Estados Unidos (1) - Haití (1) - Japón (1) - Perú (16) - Venezuela (1)
1992;20/12/1992;La OEA y los golpistas;20-Dic-1992.pdf;;;Canadá (1) - Costa Rica (1) - El Salvador (1) - Estados Unidos (1) - Haití (1) - Nicaragua (1) - Panamá (1) - Perú (5) - Venezuela (5)
1992;23/06/1992;Pájaro tropical;23-Jun-1992.pdf;;;Cuba (3) - Estados Unidos (1)
1992;24/08/1992;Mi único alumno;24-Ago-1992.pdf;;;Perú (1)
1992;25/10/1992;La muerte del Che Guevara;25-Oct-1992.pdf;;;Argentina (1) - Bolivia (1) - China (1) - Cuba (3) - Rusia (1) - Vietnam (1) - Unión Soviética (1)
1992;27/07/1992;Y al tercer día, ¿resucitará?;27-Jul-1992.pdf;;;Luxemburgo (1)
1992;28/04/1992;Arte degenerado;28-Abr-1992.pdf;;;Alemania (2) - España (1) - Estados Unidos (1) - República Democrática Alemana (2)
1992;28/01/1992;Cabezazos con la Madre Patria;28-Ene-1992.pdf;;;Bélgica (1) - Bolivia (1) - Chile (1) - España (7) - Estados Unidos (1) - Francia (1) - Guatemala (1) - Holanda (2) - Luxemburgo (1) - México (1) - Perú (8) - Portugal (1) - Venezuela (1)
1993;01/05/1993;¿Una izquierda civilizada?;1-May-1993.pdf;;;Argentina (1) - Brasil (1) - Chile (7) - Cuba (3) - El Salvador (1) - México (1) - Perú (1)
1993;02/02/1993;Eterno crepúsculo;2-Feb-1993.pdf;;;Alemania (2) - Canadá (1) - China (1) - Corea del Sur (1) - Cuba (13) - España (1) - Estados Unidos (4) - Francia (1) - Italia (1) - Japón (1) - Rusia (1) - URSS (1) - Unión Soviética (1)
1993;05/04/1993;Cabezas de ratón;5-Abr-1993.pdf;;;Armenia (1) - Azerbaiyán (1) - Croacia (1) - Eslovenia (1) - Georgia (1) - Rusia (1) - Serbia (1) - Checoslovaquia (1) - Yugoslavia (3)
1993;11/10/1993;Caballero del camino;11-Oct-1993.pdf;;;Afganistán (1) - Australia (6) - China (1) - India (1)
1993;14/12/1993;Fieras en libertad;14-Dic-1993.pdf;;;Francia (1) - Reino Unido (1)
1993;16/08/1993;Desbarajuste con samba;16-Ago-1993.pdf;;;Alemania (1) - Canadá (2) - Cuba (14) - España (2) - Estados Unidos (6) - Francia (1) - Haití (4) - Irak (1) - Japón (1) - México (2) - Nicaragua (1) - Panamá (1) - Perú (1) - Singapur (1) - Suecia (1) - Yugoslavia (1) - URSS (1) - Unión Soviética (1)
1993;16/07/1993;Historia de Ziggy;16-Jul-1993.pdf;;;
1993;18/10/1993;¿La excepción cultural?;18-Oct-1993.pdf;;;Argelia (1) - Estados Unidos (6) - Francia (19)
1993;19/06/1993;En Guatemala;19-Jun-1993.pdf;;;España (1) - Guatemala (9) - Israel (1) - Nepal (1) - Perú (3)
1993;23/11/1993;La tribu y el mercado (Respuesta a Régis Debray);23-Nov-1993.pdf;;;Chile (1) - Estados Unidos (8) - Francia (4) - Japón (1)
1993;25/10/1993;El toro de Auckland;25-Oct-1993.pdf;;;Chile (2) - China (2) - Estados Unidos (1) - Indonesia (1) - Japón (1) - Nueva Zelanda (5) - Singapur (1)
1993;27/12/1993;Espantajos, fuera;27-Dic-1993.pdf;;;Alemania (1) - Argentina (1) - Chile (1) - China (2) - Corea del Sur (1) - Francia (4) - Guatemala (1) - Indonesia (2) - México (2) - Reino Unido (1)
1993;30/08/1993;La Presa y la Sombra;30-Ago-1993.pdf;;;Estados Unidos (1) - Irlanda (1) - Nicaragua (11) - Polonia (1) - Vaticano (2)
1993;30/07/1993;Una visita a Azorín;30-Jul-1993.pdf;;;España (1)
1994;01/03/1994;Los asesinos;1-Mar-1994.pdf;;;Perú (5)
1994;06/11/1994;Italia no es Bolivia;6-Nov-1994.pdf;;;Argentina (2) - Bolivia (11) - Brasil (1) - Chile (3) - Cuba (2) - Italia (4) - Perú (1) - Suiza (1) - Venezuela (1)
1994;07/04/1994;Posmodernismo y frivolidad;7-Abr-1994.pdf;;;Estados Unidos (2) - Finlandia (1)
1994;08/12/1994;La extinción del mentor intelectual;8-Dic-1994.pdf;;;Francia (2)
1994;08/06/1994;El último de los Justos;8-Jun-1994.pdf;;;Perú (7)
1994;09/05/1994;La derrota de Martín Luther King;9-May-1994.pdf;;;Alemania (1) - Estados Unidos (8)
1994;11/04/1994;Gaviria: ¿el trabajo sucio?;11-Abr-1994.pdf;;;Alemania (2) - Bolivia (1) - China (1) - Colombia (5) - Costa Rica (4) - Cuba (11) - El Salvador (1) - Estados Unidos (7) - Guatemala (1) - Nicaragua (1) - Perú (2) - Venezuela (1) - Unión Soviética (1)
1994;13/10/1994;Ayuda para el Primer Mundo;13-Oct-1994.pdf;;;Alemania (1) - Corea del Sur (1) - Cuba (1) - Dinamarca (1) - España (5) - Estados Unidos (3) - Francia (1) - Haití (1) - Italia (1) - Japón (3) - Malasia (1) - México (1) - Singapur (1) - Tailandia (1) - Venezuela (1) - URSS (1) - Zaire (1)
1994;16/01/1994;México en llamas;16-Ene-1994.pdf;;;Canadá (2) - Chile (1) - Colombia (1) - Cuba (2) - El Salvador (1) - Estados Unidos (3) - Guatemala (1) - Haití (1) - México (15) - Nicaragua (1) - Perú (1)
1994;21/02/1994;Antes del diluvio;21-Feb-1994.pdf;;;Cuba (1) - Estados Unidos (2) - Granada (1) - Jamaica (1) - México (1)
1994;21/10/1994;El precio de ser moderno;21-Oct-1994.pdf;;;Argentina (1) - Chile (1) - Estados Unidos (1) - Japón (1) - Perú (5)
1994;25/12/1994;Los estragos de Onán;25-Dic-1994.pdf;;;Brasil (2) - Corea del Norte (1) - Cuba (1) - Estados Unidos (4) - Vietnam (1)
1994;26/04/1994;Haití —la muerte;26-Abr-1994.pdf;;;Canadá (1) - Estados Unidos (3) - Granada (1) - Haití (12) - México (1) - Panamá (2)
1994;28/05/1994;La resurrección de El Salvador;28-May-1994.pdf;;;Argentina (2) - Brasil (1) - Chile (1) - El Salvador (8) - España (1) - Estados Unidos (3) - México (1) - Perú (1) - Venezuela (1)
1994;31/01/1994;El pene o la vida;31-Ene-1994.pdf;;;Birmania (1) - Cuba (1) - Ecuador (1) - Estados Unidos (4) - Venezuela (1)
1995;01/01/1995;El embajador guerrillero;1-Ene-1995.pdf;;;Brasil (5) - Ruanda (1) - Somalia (1)
1995;01/02/1995;Camus y Orwell, en Chechenia;1-Feb-1995.pdf;;;Argelia (1) - Estados Unidos (1) - Haití (1) - Rusia (1)
1995;17/01/1995;Trench Town Rock;17-Ene-1995.pdf;;;Etiopía (2) - Jamaica (4)
2006;03/12/2006;Los benévolos;3-Dic-2006.pdf;;;Francia (3) - Rusia (1) - Ucrania (1)
2006;04/06/2006;Una muchacha para los tigres;4-Jun-2006.pdf;;;Alemania (1) - Estados Unidos (1) - Etiopía (1) - Holanda (8) - Kenia (2) - Somalia (2)
2006;05/11/2006;“Me llamo Rachel Corrie”;5-Nov-2006.pdf;;;Estados Unidos (1) - Israel (2)
2006;07/05/2006;Despedida a un combatiente;7-May-2006.pdf;;;Francia (3) - México (2) - Unión Soviética (1)
2006;08/01/2006;El pandillero del Casco Viejo;8-Ene-2006.pdf;;;Francia (1) - Panamá (5)
2006;08/10/2006;Asesinato en Ámsterdam;8-Oct-2006.pdf;;;Holanda (6) - Japón (1)
2006;10/09/2006;Héroe de nuestro tiempo;10-Sep-2006.pdf;;;Estados Unidos (6)
2006;12/02/2006;El derecho a la irreverencia;12-Feb-2006.pdf;;;Alemania (1) - Arabia Saudita (1) - Dinamarca (5) - España (1) - Estados Unidos (1) - Francia (3) - Holanda (1) - Indonesia (1) - Irak (2) - Irán (2) - Italia (1) - Líbano (1) - Libia (1) - Noruega (1) - Pakistán (1) - Reino Unido (1) - Siria (1) - Yemen (1)
2006;12/03/2006;Hora de votar;12-Mar-2006.pdf;;;Perú (6) - Venezuela (1)
2006;13/08/2006;El principio del fin;13-Ago-2006.pdf;;;China (1) - Corea del Norte (1) - Cuba (8) - Estados Unidos (5) - Irak (1) - Líbano (1) - México (1) - Polonia (1) - Rumanía (1) - Rusia (1)
2006;15/01/2006;Raza, botas y nacionalismo;15-Ene-2006.pdf;;;Bolivia (5) - Estados Unidos (1) - México (1) - Paraguay (1) - Perú (9) - Venezuela (1)
2006;16/07/2006;Israel y los matices;16-Jul-2006.pdf;;;España (1) - Israel (16) - Líbano (1)
2006;17/12/2006;Las exequias de un tirano;17-Dic-2006.pdf;;;Chile (10) - Cuba (1) - Venezuela (2)
2006;18/06/2006;La segunda oportunidad;18-Jun-2006.pdf;;;Bolivia (1) - Chile (3) - Cuba (1) - España (3) - Estados Unidos (2) - India (1) - Irlanda (1) - Nueva Zelanda (1) - Perú (11) - Suecia (1) - Venezuela (2)
2006;19/11/2006;El olor de la pobreza;19-Nov-2006.pdf;;;El Salvador (1) - Filipinas (1) - India (1) - Indonesia (1) - Jamaica (1) - Nicaragua (1) - Reino Unido (1)
2006;21/05/2006;La filosofía en el vestidor;21-May-2006.pdf;;;Israel (1)
2006;22/10/2006;Un muro de mentiras;22-Oct-2006.pdf;;;Estados Unidos (9) - México (3)
2006;23/04/2006;Razones para una alianza;23-Abr-2006.pdf;;;Chile (3) - España (2) - Perú (10) - Venezuela (1)
2006;24/09/2006;Corrido mexicano;24-Sep-2006.pdf;;;Bolivia (2) - Brasil (1) - Chile (2) - Colombia (1) - Cuba (1) - El Salvador (1) - España (2) - Estonia (1) - Irlanda (1) - México (14) - Perú (2) - Uruguay (1) - Venezuela (1) - Unión Soviética (1)
2006;26/02/2006;¿Es posible ser vasco?;26-Feb-2006.pdf;;;
2006;27/08/2006;Günter Grass en la picota;27-Ago-2006.pdf;;;Alemania (5) - Cuba (1) - Estados Unidos (1)
2006;29/01/2006;Bostezos chilenos;29-Ene-2006.pdf;;;Bolivia (3) - Chile (12) - China (1) - Corea del Sur (1) - España (1) - Estados Unidos (1) - India (1) - Irlanda (1) - Japón (1) - Perú (2)
2006;30/07/2006;Odiseo en Merida;30-Jul-2006.pdf;;;
2006;31/12/2006;Un humanista puertorriqueño;31-Dic-2006.pdf;;;Alemania (1) - España (1) - Francia (1) - Grecia (1) - Italia (1) - Rusia (1)
2007;01/07/2007;¿Otro país?;1-Jul-2007.pdf;;;Bolivia (1) - Chile (1) - Ecuador (1) - España (1) - Estados Unidos (1) - Irlanda (1) - Perú (13) - Venezuela (1)
2007;04/11/2007;¿Victoria en Iraq?;4-Nov-2007.pdf;;;Arabia Saudita (1) - Estados Unidos (6) - Irak (14) - Irán (1) - Jordania (1) - Siria (1) - Vietnam (2)
2007;06/05/2007;Prohibido mentir;6-May-2007.pdf;;;Alemania (3) - China (1) - Francia (1) - Rusia (3) - Turquía (2)
2007;07/10/2007;El velo no es el velo;7-Oct-2007.pdf;;;España (2) - Francia (3) - Líbano (1) - Reino Unido (2)
2007;09/09/2007;La victoria de Bilin;9-Sep-2007.pdf;;;Israel (12)
2007;11/02/2007;El regreso del idiota;11-Feb-2007.pdf;;;Bolivia (1) - Chile (1) - Colombia (1) - Ecuador (2) - El Salvador (1) - Estados Unidos (2) - Guatemala (1) - México (2) - Perú (2) - Venezuela (1)
2007;11/03/2007;En honor del espíritu;11-Mar-2007.pdf;;;España (1) - Francia (2)
2007;12/08/2007;La sombra del padre;12-Ago-2007.pdf;;;Venezuela (1)
2007;14/01/2007;El ojo que llora;14-Ene-2007.pdf;;;Costa Rica (1) - Perú (8)
2007;15/07/2007;Obama y el sueño americano;15-Jul-2007.pdf;;;Estados Unidos (6) - Indonesia (1)
2007;16/12/2007;El dictador en el banquillo;16-Dic-2007.pdf;;;Chile (1) - Perú (8)
2007;27/06/2007;Socialismo del siglo XXI;27-Jun-2007.pdf;;;Brasil (1) - Cuba (1) - Estados Unidos (2) - Perú (1) - Venezuela (5) - URSS (1)
2007;18/11/2007;El comandante y el rey;18-Nov-2007.pdf;;;Chile (3) - Cuba (2) - España (10) - Estados Unidos (1) - Libia (1) - Venezuela (2)
2007;20/05/2007;Elogio de Blanca Varela;20-May-2007.pdf;;;Alemania (1) - Dinamarca (1) - Egipto (1) - España (1) - Estados Unidos (1) - Granada (1) - Perú (1)
2007;21/10/2007;José María y la solitaria;21-Oct-2007.pdf;;;Argentina (1) - Francia (1)
2007;22/04/2007;Lo maravilloso en el mercado;22-Abr-2007.pdf;;;
2007;23/09/2007;Dickens en escena;23-Sep-2007.pdf;;;Canadá (1) - Irlanda (1)
2007;25/02/2007;Los huesos del Che;25-Feb-2007.pdf;;;Argentina (1) - Bolivia (4) - Cuba (4) - Guatemala (1) - Malta (1) - Unión Soviética (1)
2007;25/03/2007;Roma en dos tiempos;25-Mar-2007.pdf;;;España (1) - Italia (1)
2007;26/08/2007;La Rusia de Putin;26-Ago-2007.pdf;;;Estados Unidos (1) - Estonia (1) - Hungría (1) - Polonia (1) - República Checa (1) - Rusia (10) - Unión Soviética (2)
2007;28/01/2007;Soldados del imperio;28-Ene-2007.pdf;;;Afganistán (3) - Colombia (2) - El Salvador (1) - Estados Unidos (3) - Etiopía (1) - Filipinas (2) - Irak (4) - Mongolia (1) - Pakistán (1) - Somalia (1) - Tayikistán (1) - Vietnam (1) - Yemen (2) - Unión Soviética (1)
2007;29/07/2007;Intimidad de los príncipes;29-Jul-2007.pdf;;;Dinamarca (1) - España (6) - Holanda (1) - Suecia (1)
2008;01/06/2008;Las lecciones de los pobres;1-Jun-2008.pdf;;;Argentina (1) - Bolivia (1) - Estados Unidos (1) - Kenia (1) - Nigeria (1) - Perú (5) - Venezuela (1)
2008;10/08/2008;Alexandr Solzhenitsin;10-Ago-2008.pdf;;;Estados Unidos (1) - Rusia (3)
2008;10/02/2008;No más FARC;10-Feb-2008.pdf;;;Chile (1) - Colombia (9) - Estados Unidos (1) - Ucrania (1)
2008;13/01/2008;Obama y las primarias;13-Ene-2008.pdf;;;Estados Unidos (9) - Francia (1) - Irak (2)
2008;13/07/2008;Operación Jaque;13-Jul-2008.pdf;;;Colombia (6) - Cuba (1) - Estados Unidos (2) - Venezuela (3)
2008;14/12/2008;El poder y el delirio;14-Dic-2008.pdf;;;Cuba (1) - España (1) - Perú (1) - Venezuela (5) - URSS (1)
2008;15/06/2008;New York, New York;15-Jun-2008.pdf;;;Estados Unidos (4)
2008;16/11/2008;Stanley por los suelos;16-Nov-2008.pdf;;;Congo (10) - Zanzíbar (1) - Zaire (1)
2008;18/05/2008;Obama en los infiernos;18-May-2008.pdf;;;Estados Unidos (3) - Israel (4)
2008;19/10/2008;La era de la sospecha;19-Oct-2008.pdf;;;Estados Unidos (1)
2008;2/11/2008;Vanessa Redgrave;2-Nov-2008.pdf;;;Estados Unidos (2) - Vietnam (1)
2008;20/04/2008;Traseros irritados;20-Abr-2008.pdf;;;Alemania (1) - Reino Unido (2)
2008;21/09/2008;Gomorra y Nápoles;21-Sep-2008.pdf;;;China (1) - España (1) - Italia (6)
2008;23/03/2008;El último maldito;23-Mar-2008.pdf;;;Alemania (1) - Dinamarca (1) - Estados Unidos (2) - Francia (3)
2008;24/08/2008;Caracas al vuelo;24-Ago-2008.pdf;;;Colombia (1) - Cuba (2) - Estados Unidos (1) - Venezuela (11)
2008;24/02/2008;Jodorkovski en Siberia;24-Feb-2008.pdf;;;Estados Unidos (3) - Irak (1) - Mongolia (1) - Rusia (6) - URSS (2) - Unión Soviética (1)
2008;27/01/2008;Historia de David Galula;27-Ene-2008.pdf;;;Argelia (5) - Estados Unidos (3) - Irak (5) - Vietnam (2)
2008;27/07/2008;Para la historia de la infamia;27-Jul-2008.pdf;;;Costa Rica (1) - Haití (1) - Nicaragua (3)
2008;28/12/2008;La aventura colonial;28-Dic-2008.pdf;;;Alemania (1) - Bélgica (4) - Congo (9) - Estados Unidos (3) - Francia (1) - Zanzíbar (1)
2008;29/06/2008;Contar cuentos;29-Jun-2008.pdf;;;
2008;30/11/2008;El archivista y los empleos imaginarios;30-Nov-2008.pdf;;;Bélgica (1) - Congo (6)
2008;4/05/2008;El cuarto poder;4-May-2008.pdf;;;Estados Unidos (2) - Filipinas (1) - Irak (1) - Vietnam (1)
2008;5/10/2008;Tiburones en formol;5-Oct-2008.pdf;;;Australia (1) - México (1)
2008;6/04/2008;Borges y los piqueteros;6-Abr-2008.pdf;;;Argentina (8)
2008;7/09/2008;Lecciones de Georgia;7-Sep-2008.pdf;;;China (4) - Estados Unidos (6) - Georgia (6) - Kazajistán (1) - Kosovo (1) - Polonia (1) - Rusia (18) - Tayikistán (1) - Ucrania (1) - URSS (1) - Unión Soviética (3)
2008;9/03/2008;Tambores de guerra;9-Mar-2008.pdf;;;Colombia (6) - Cuba (2) - Ecuador (1) - Perú (2) - Venezuela (2)
2009;1/11/2009;La desaparición del erotismo;1-Nov-2009.pdf;;;
2009;11/01/2009;Morir en Gaza;11-Ene-2009.pdf;;;Israel (14)
2009;12/07/2009;El golpe de las burlas;12-Jul-2009.pdf;;;Bolivia (2) - Colombia (1) - Costa Rica (1) - Ecuador (2) - Honduras (9) - Nicaragua (4) - Venezuela (1)
2009;13/12/2009;El escritor en la plaza pública;13-Dic-2009.pdf;;;Alemania (1) - Austria (1) - Bulgaria (1) - Eslovaquia (1) - Hungría (1) - Italia (1) - Rumanía (1) - Yugoslavia (1)
2009;14/06/2009;Entre la libertad y Hugo Chávez;14-Jun-2009.pdf;;;Corea del Norte (1) - Cuba (3) - Perú (1) - Venezuela (7)
2009;15/11/2009;Un hombre justo;15-Nov-2009.pdf;;;Estados Unidos (1) - Perú (1) - Suiza (1)
2009;17/05/2009;La partida de la escribidora;17-May-2009.pdf;;;España (1)
2009;18/10/2009;Desafueros de la libido;18-Oct-2009.pdf;;;Estados Unidos (2) - Francia (3) - Irlanda (1) - Italia (3) - Suiza (1) - Tailandia (3)
2009;19/04/2009;Aviso para dictadores;19-Abr-2009.pdf;;;Japón (1) - Perú (6)
2009;20/09/2009;Pintores en la costa;20-Sep-2009.pdf;;;Francia (1)
2009;22/02/2009;Farsa elogiosa repugnante;22-Feb-2009.pdf;;;Argentina (3) - Estados Unidos (1) - Francia (1) - Perú (1) - Suiza (2)
2009;22/03/2009;El sueño del chef;22-Mar-2009.pdf;;;España (1) - México (1) - Panamá (1) - Perú (9)
2009;23/08/2009;El mundo en que vivimos;23-Ago-2009.pdf;;;Brasil (1)
2009;25/01/2009;Obama en la Casa Blanca;25-Ene-2009.pdf;;;Afganistán (2) - Cuba (1) - Estados Unidos (8) - Irak (2) - Irán (1) - Israel (5) - México (1) - Pakistán (2) - Rusia (1) - Unión Soviética (1)
2009;26/07/2009;Prohibido prohibir;26-Jul-2009.pdf;;;Francia (5)
2009;27/12/2009;La pareja del año;27-Dic-2009.pdf;;;Burundi (1) - Colombia (1) - Congo (1) - El Salvador (1) - Eritrea (1) - Guatemala (1) - Haití (1) - Irak (1) - Kenia (1) - Perú (1) - Ruanda (1) - Somalia (1) - Timor Oriental (1) - Yugoslavia (1)
2009;28/06/2009;Victoria pírrica;28-Jun-2009.pdf;;;Argentina (1) - Bolivia (1) - Brasil (1) - Chile (1) - Colombia (3) - Ecuador (1) - Estados Unidos (1) - Nicaragua (1) - Perú (11)
2009;29/11/2009;La expulsión de los moriscos;29-Nov-2009.pdf;;;España (4)
2009;3/05/2009;La arquitectura como espectáculo;3-May-2009.pdf;;;Congo (3) - Suiza (1) - Zanzíbar (1)
2009;31/05/2009;La cuadratura del círculo;31-May-2009.pdf;;;Cuba (1) - Egipto (1) - Estados Unidos (8) - Irak (1) - Irán (4) - Israel (18) - Jordania (1) - Líbano (1)
2009;4/10/2009;Castillo con fantasma;4-Oct-2009.pdf;;;Irlanda (8) - Reino Unido (1)
2009;5/04/2009;El dragón en la historia;5-Abr-2009.pdf;;;Libia (1)
2009;6/09/2009;Lisbeth Salander debe vivir;6-Sep-2009.pdf;;;Suecia (1)
2009;8/02/2009;Secuelas de dictadura;8-Feb-2009.pdf;;;Estados Unidos (1) - Japón (1) - Perú (7)
2009;8/03/2009;El Perú no necesita museos;8-Mar-2009.pdf;;;Alemania (1) - Perú (9)
2009;9/08/2009;Flor de pareja;9-Ago-2009.pdf;;;Argentina (3) - Nicaragua (1) - Venezuela (1)
2010;10/01/2010;El otro Estado;10-Ene-2010.pdf;Política y Sociedad;Felipe Calderón?;Bolivia (1) - Chile (1) - Colombia (1) - Holanda (1) - México (4) - Perú (1) - Portugal (1) - Uruguay (1)
2010;10/10/2010;Catorce minutos de reflexión;10-Oct-2010.pdf;"Literatura y Crítica Cultural
Historia y Memoria";Mario Vargas Llosa;España (1) - Haití (1)
2010;11/07/2010;La querencia del maestro;11-Jul-2010.pdf;"Literatura y Crítica Cultural
Historia y Memoria";"Lev Tolstói?
Yasnaya Polyana";Rusia (1)
2010;13/06/2010;Israel: La amistad difícil;13-Jun-2010.pdf;Política y Sociedad;;Israel (13) - Líbano (2) - Turquía (1)
2010;16/05/2010;La muerte de un pimpollo;16-May-2010.pdf;"Historia y Memoria
Política y Sociedad";Luis José León Estévez;Israel (1) - República Dominicana (3)
2010;18/04/2010;Torear y otras maldades;18-Abr-2010.pdf;"Literatura y Crítica Cultural
Política y Sociedad";;Bolivia (1) - Colombia (1) - Ecuador (1) - España (1) - Francia (1) - México (1) - Perú (1) - Venezuela (1)
2010;19/12/2010;Rinkeby;19-Dic-2010.pdf;"Filosofía y Reflexión Intelectual
Política y Sociedad";;Suecia (3) - Suiza (1) - Yemen (1)
2010;19/09/2010;La era del bufón;19-Sep-2010.pdf;"Filosofía y Reflexión Intelectual
Política y Sociedad";Terry Jones?;Afganistán (3) - Estados Unidos (1) - Francia (1) - India (1) - Indonesia (1) - Pakistán (1) - Vaticano (1)
2010;2/05/2010;Retrato de familia;2-May-2010.pdf;"Literatura y Crítica Cultural
Historia y Memoria";José Donoso;Chile (1) - España (1) - Estados Unidos (1)
2010;21/02/2010;El arte de mecer;21-Feb-2010.pdf;"Filosofía y Reflexión Intelectual
Política y Sociedad";;Perú (1)
2010;21/03/2010;El placer está en tus manos;21-Mar-2010.pdf;"Filosofía y Reflexión Intelectual
Política y Sociedad";;España (1)
2010;21/11/2010;El terrorista suicida;21-Nov-2010.pdf;"Política y Sociedad
Filosofía y Reflexión Intelectual";Osama Bin Laden;Afganistán (2) - China (1) - Dinamarca (1) - Estados Unidos (2) - Irak (3) - Japón (1) - Pakistán (1) - URSS (1) - Unión Soviética (1)
2010;22/08/2010;Bajo el oprobio;22-Ago-2010.pdf;"Literatura y Crítica Cultural
Historia y Memoria";Irène Némirovsky;Finlandia (1) - Francia (5) - Rusia (1) - Suecia (1)
2010;24/01/2010;El triunfo de Piñera;24-Ene-2010.pdf;Política y Sociedad;Sebastián Piñera;Bolivia (1) - Brasil (1) - Chile (15) - Colombia (1) - Costa Rica (1) - Cuba (2) - Ecuador (1) - México (1) - Nicaragua (1) - Panamá (1) - Perú (1) - Portugal (1) - Uruguay (1) - Venezuela (1)
2010;24/10/2010;Las caras del Tea Party;24-Oct-2010.pdf;Política y Sociedad;;Estados Unidos (9)
2010;25/07/2010;Héroes de nuestro tiempo;25-Jul-2010.pdf;"Política y Sociedad
Historia y Memoria";;Corea del Norte (1) - Cuba (6) - España (4)
2010;27/06/2010;La casa de Dostoievski;27-Jun-2010.pdf;"Literatura y Crítica Cultural
Historia y Memoria";Fiódor Dostoievski?;
2010;3/10/2010;La derrota de Chávez;3-Oct-2010.pdf;Política y Sociedad;Hugo Chávez;Venezuela (5)
2010;30/05/2010;Pecados de mi padre;30-May-2010.pdf;Política y Sociedad;"Pablo Escobar
Sebastián Marroquín?";Brasil (1) - Colombia (4) - Ecuador (1) - España (1) - Francia (1) - México (1) - Mónaco (1) - Mozambique (1) - Perú (1) - Reino Unido (1)
2010;4/04/2010;Jesús entre las ruinas;4-Abr-2010.pdf;Historia y Memoria;;Haití (9) - Italia (1) - República Dominicana (1)
2010;5/12/2010;Marcianos en New Jersey;5-Dic-2010.pdf;Literatura y Crítica Cultural;Orson Welles;Estados Unidos (3)
2010;5/09/2010;El señor del Caribe;5-Sep-2010.pdf;Historia y Memoria;"Gabriel Paquette
J.R. McNeill?";Bolivia (1) - Colombia (2) - Cuba (2) - España (2) - Francia (1) - Haití (1) - Panamá (1) - Perú (1)
2010;7/02/2010;La amistad y los libros;7-Feb-2010.pdf;Literatura y Crítica Cultural;Héctor Abad Faciolince;
2010;7/03/2010;Lula y los Castro;7-Mar-2010.pdf;Política y Sociedad;;Brasil (5) - Chile (1) - Corea del Norte (1) - Cuba (5) - Irán (1) - México (1)
2010;7/11/2010;Avatares de la marihuana;7-Nov-2010.pdf;Política y Sociedad;"Luiz Inácio Lula da Silva
Fidel Castro?";Estados Unidos (2) - México (2)
2010;8/08/2010;Los dioses mueren en Bayreuth;8-Ago-2010.pdf;Literatura y Crítica Cultural;Richard Wagner?;
2011;10/04/2011;Luis Loayza;10-Abr-2011.pdf;Literatura y Crítica Cultural;Luis Loayza?;Francia (1) - Perú (3)
2011;13/03/2011;Piqueteros intelectuales;13-Mar-2011.pdf;"Literatura y Crítica Cultural
Política y Sociedad";;Argentina (3) - Bolivia (1) - Brasil (1) - Chile (2) - Congo (1) - Cuba (2) - Guatemala (1) - México (1) - Paraguay (1) - Perú (1) - Uruguay (1) - Venezuela (1)
2011;16/01/2011;Lo privado y lo público;16-Ene-2011.pdf;"Filosofía y Reflexión Intelectual
Política y Sociedad";Julian Assange;China (1) - Estados Unidos (2) - Rusia (1)
2011;2/01/2011;Carlos o el sueño americano;2-Ene-2011.pdf;"Literatura y Crítica Cultural
Política y Sociedad";Alberto Fuguet;Chile (1) - Estados Unidos (3)
2011;22/05/2011;Montaigne en la trifulca;22-May-2011.pdf;"Filosofía y Reflexión Intelectual
Política y Sociedad";Michel de Montaigne;España (3) - Francia (2) - Perú (3)
2011;24/04/2011;Retorno a la dictadura, no;24-Abr-2011.pdf;Política y Sociedad;"Keiko Fujimori
Ollanta Humala";Brasil (1) - Chile (1) - El Salvador (1) - Mauricio (1) - Perú (12) - Uruguay (1) - Venezuela (1)
2011;27/02/2011;Viaje a las fuentes;27-Feb-2011.pdf;Historia y Memoria;Ruth Shady Solís;Egipto (1) - Perú (3)
2011;27/03/2011;La casa de Arequipa;27-Mar-2011.pdf;"Historia y Memoria
Literatura y Crítica Cultural";;Bolivia (2)
2011;30/01/2011;Los réprobos;30-Ene-2011.pdf;"Literatura y Crítica Cultural
Filosofía y Reflexión Intelectual";Louis-Ferdinand Céline;Estados Unidos (1) - Francia (5) - Holanda (2)
2021;17/10/2021;Votar “bien” y votar “mal”;17-Oct-2021.pdf;Política y Sociedad;;China (1) - Cuba (2) - España (1) - Guinea (1) - México (1) - Nicaragua (2) - Perú (5) - Venezuela (2) - URSS (2)
2021;19/12/2021;Doscientos años;19-Dic-2021.pdf;Literatura y Crítica Cultural;Gustave Flaubert?;
2021;19/09/2021;La muerte de Abimael Guzmán;19-Sep-2021.pdf;"Historia y Memoria
Política y Sociedad";Abimael Guzmán;Bolivia (1) - China (1) - Colombia (1) - Corea del Sur (1) - España (4) - Estados Unidos (1) - Guatemala (1) - México (3) - Nicaragua (2) - Paraguay (1) - Perú (8) - Singapur (1) - Venezuela (2)
2021;21/11/2021;Una sociedad democrática y moderna;21-Nov-2021.pdf;Política y Sociedad;;Argentina (1) - Chile (1) - Francia (1)
2021;22/08/2021;“El maoísmo”;22-Ago-2021.pdf;"Historia y Memoria
Política y Sociedad";"Mao Zedong
Abimael Guzmán";Camboya (1) - Chile (1) - China (12) - Corea del Sur (1) - Estados Unidos (1) - India (1) - Laos (1) - Perú (1) - Rusia (1) - Singapur (1) - Vietnam (2) - URSS (2)
2021;3/10/2021;Volver la vista atrás;3-Oct-2021.pdf;"Literatura y Crítica Cultural
Historia y Memoria";Juan Gabriel Vásquez;China (3) - Colombia (4) - México (1) - URSS (1)
2021;5/12/2021;Políticamente indeseable;5-Dic-2021.pdf;"Literatura y Crítica Cultural
Política y Sociedad";Cayetana Álvarez de Toledo?;España (8) - Estados Unidos (1)
2021;5/09/2021;Kabul y el Occidente;5-Sep-2021.pdf;"Política y Sociedad
Historia y Memoria";;Afganistán (2) - Argentina (1) - Brasil (1) - China (3) - Corea del Sur (1) - Estados Unidos (6) - Rusia (2) - Singapur (1) - Vietnam (2)
2021;7/11/2021;Libertad para las drogas;7-Nov-2021.pdf;Política y Sociedad;;España (2) - Estados Unidos (2) - México (2) - Perú (3) - Uruguay (1) - Venezuela (1)
2021;8/08/2021;¡El Hay Festival debe vivir!;8-Ago-2021.pdf;Literatura y Crítica Cultural;Peter Florence;Colombia (1) - España (1) - Estados Unidos (1) - India (1) - México (1) - Perú (1)
2022;1/05/2022;Cervantes;1-May-2022.pdf;Literatura y Crítica Cultural;Miguel de Cervantes;España (3) - Italia (1)
2022;15/05/2022;Feria del libro en Buenos Aires;15-May-2022.pdf;Literatura y Crítica Cultural;-;Argentina (6) - España (1)
2022;16/01/2022;Las quejas de un nativo;16-Ene-2022.pdf;"Literatura y Crítica Cultural
Política y Sociedad";James Baldwin;Chile (1) - Estados Unidos (8) - Francia (2) - México (1)
2022;16/10/2022;La guerra de Putin;16-Oct-2022.pdf;Política y Sociedad;Vladimir Putin;China (1) - Corea del Norte (1) - Estados Unidos (1) - Rusia (12) - Ucrania (11) - URSS (1)
2022;17/07/2022;Derechos de autor;17-Jul-2022.pdf;"Literatura y Crítica Cultural
Política y Sociedad";Amir Valle;Alemania (1) - Argentina (1) - Chile (1) - China (1) - Cuba (4) - Estados Unidos (2) - Francia (1) - México (1)
2022;18/04/2022;Las revistas;18-Abr-2022.pdf;"Literatura y Crítica Cultural
Política y Sociedad";-;España (3) - México (3) - Ucrania (4)
2022;18/12/2022;El ‘Homo sovieticus’;18-Dic-2022.pdf;"Literatura y Crítica Cultural
Historia y Memoria";Svetlana Aleksiévich?;Alemania (1) - URSS (2) - Unión Soviética (4)
2022;18/09/2022;Javier Marías;18-Sep-2022.pdf;Literatura y Crítica Cultural;Javier Marías;España (3) - Estados Unidos (1) - Japón (1)
2022;19/06/2022;¿Novelas policiales?;19-Jun-2022.pdf;Literatura y Crítica Cultural;Javier Cercas;México (1)
2022;2/01/2022;Los dictadores;2-Ene-2022.pdf;Política y Sociedad;-;Chile (5) - Cuba (2) - Perú (4) - Venezuela (1)
2022;2/10/2022;Viaje al norte;2-Oct-2022.pdf;"Historia y Memoria
Literatura y Crítica Cultural";-;Bolivia (1) - Brasil (1) - Ecuador (1) - Perú (3)
2022;20/02/2022;La muerte de Sócrates;20-Feb-2022.pdf;Filosofía y Reflexión Intelectual;Sócrates;Perú (1) - Rusia (1) - Ucrania (1)
2022;20/03/2022;El delirio de la soberbia;20-Mar-2022.pdf;"Literatura y Crítica Cultural
Historia y Memoria";Carlos Granés;Alemania (1) - Argentina (1) - Brasil (4) - Colombia (1) - Cuba (2) - Estados Unidos (2) - México (1) - Nicaragua (1) - Ucrania (1)
2022;20/11/2022;¿Paz en Ucrania?;20-Nov-2022.pdf;Política y Sociedad;"Vladimir Putin
Volodímir Zelenski?";España (1) - Estados Unidos (1) - Polonia (1) - Rusia (16) - Ucrania (12) - URSS (1)
2022;21/08/2022;Salman Rushdie;21-Ago-2022.pdf;"Literatura y Crítica Cultural
Política y Sociedad";Salman Rushdie;Cuba (1) - España (1) - India (1) - Irán (3) - Nicaragua (1)
2022;3/04/2022;¿Se acaba la guerra?;3-Abr-2022.pdf;Política y Sociedad;"Vladimir Putin
Volodímir Zelenski";Estados Unidos (2) - Rusia (16) - Ucrania (13)
2022;3/07/2022;La guerra de Ucrania;3-Jul-2022.pdf;Política y Sociedad;Vladimir Putin;España (1) - Estados Unidos (1) - Finlandia (2) - Francia (2) - Haití (2) - Reino Unido (1) - Rusia (6) - Suecia (2) - Turquía (1) - Ucrania (10)
2022;4/12/2022;El castigo a Ucrania;4-Dic-2022.pdf;Política y Sociedad;"Vladimir Putin
Volodímir Zelenski";Alemania (1) - Estados Unidos (2) - Rusia (1) - Ucrania (14) - URSS (1)
2022;4/09/2022;Hombre de teatro;4-Sep-2022.pdf;Literatura y Crítica Cultural;Joan Ollé;España (1)
2022;5/06/2022;El efecto Sartre;5-Jun-2022.pdf;"Filosofía y Reflexión Intelectual
Política y Sociedad";"Jean-Paul Sartre
Albert Camus";Argentina (1) - Bolivia (1) - Cuba (1) - Francia (2) - México (1) - Perú (2) - Ucrania (1) - Venezuela (1) - URSS (3)
2022;6/02/2022;Putin: ¿un patriota?;6-Feb-2022.pdf;Política y Sociedad;Vladimir Putin;Alemania (4) - España (1) - Estados Unidos (5) - Francia (1) - Rusia (10) - Ucrania (4) - URSS (2)
2022;6/03/2022;¿La batalla perdida?;6-Mar-2022.pdf;Política y Sociedad;Vladimir Putin;China (1) - Polonia (1) - Rusia (11) - Suecia (2) - Ucrania (13) - Checoslovaquia (1)
2022;6/11/2022;Kissinger y sus estadistas;6-Nov-2022.pdf;"Historia y Memoria
Política y Sociedad";Henry Kissinger;Egipto (1) - Estados Unidos (1) - Francia (2) - Israel (2) - Malasia (1) - Singapur (2)
2022;8/08/2022;La realidad disminuida;8-Ago-2022.pdf;"Filosofía y Reflexión Intelectual
Historia y Memoria";Sigmund Freud;Francia (1) - Imperio Austrohúngaro (1)
2023;1/11/2023;Náufragos del imperio;1-Nov-2023.pdf;"Literatura y Crítica Cultural
Política y Sociedad";"Pilar Bonet
Vladimir Putin";Estados Unidos (1) - Rusia (6) - Ucrania (12)
2023;15/10/2023;No en mi nombre;15-Oct-2023.pdf;Política y Sociedad;;España (15) - México (1)
2023;16/04/2023;Sin noticias de dios;16-Abr-2023.pdf;Política y Sociedad;"Pedro Salinas
Paola Ugaz";Perú (6) - Vaticano (1)
2023;16/07/2023;Nos quieren muertos;16-Jul-2023.pdf;"Literatura y Crítica Cultural
Política y Sociedad";"Javier Moro
Leopoldo López";Colombia (1) - Cuba (2) - España (1) - Estados Unidos (1) - Irán (2) - Nicaragua (1) - Perú (1) - Rusia (2) - Venezuela (6)
2023;17/12/2023;Piedra de toque;17-Dic-2023.pdf;Literatura y Crítica Cultural;;España (1)
2023;17/09/2023;Carlos Alberto Montaner;17-Sep-2023.pdf;"Literatura y Crítica Cultural
Historia y Memoria";Carlos Alberto Montaner;Cuba (9) - España (4) - Honduras (1) - Rusia (1)
2023;18/06/2023;Azorín cumple 150 años;18-Jun-2023.pdf;Literatura y Crítica Cultural;Azorín;España (4)
2023;19/03/2023;Rastros de genocidio;19-Mar-2023.pdf;"Historia y Memoria
Política y Sociedad";Abimael Guzmán;China (2) - Perú (8)
2023;19/11/2023;Un nuevo estilo;19-Nov-2023.pdf;Literatura y Crítica Cultural;Ernest Hemingway;Cuba (3) - España (6) - Estados Unidos (2) - Perú (1)
2023;2/04/2023;Jorge Edwards;2-Abr-2023.pdf;Literatura y Crítica Cultural;"Jorge Edwards
Fidel Castro";Chile (2) - Cuba (7) - España (2) - Estados Unidos (2) - Filipinas (1) - Francia (1)
2023;2/07/2023;La crisis rusa;2-Jul-2023.pdf;"Política y Sociedad
Historia y Memoria";Vladimir Putin;Bielorrusia (2) - Rusia (13) - Ucrania (14)
2023;20/08/2023;La voz augusta;20-Ago-2023.pdf;Filosofía y Reflexión Intelectual;Jean-Paul Sartre;Bulgaria (1) - Francia (2) - Hungría (2) - Italia (1) - Polonia (1) - Vietnam (1) - Checoslovaquia (1) - URSS (4)
2023;20/02/2023;El oso;20-Feb-2023.pdf;Literatura y Crítica Cultural;William Faulkner;
2023;21/05/2023;¡A formar la fila!;21-May-2023.pdf;Política y Sociedad;;Colombia (1) - Ecuador (1) - México (1) - República Dominicana (1) - Uruguay (1) - Venezuela (4)
2023;22/01/2023;Vida y destino;22-Ene-2023.pdf;"Literatura y Crítica Cultural
Historia y Memoria";Vasili Grossman;Rusia (3)
2023;3/12/2023;Antimemorias;3-Dic-2023.pdf;Literatura y Crítica Cultural;André Malraux;Yemen (1)
2023;3/09/2023;Regreso al paraíso;3-Sep-2023.pdf;Literatura y Crítica Cultural;;Alemania (1) - Austria (2) - Perú (1)
2023;4/06/2023;El peso de vivir en la tierra;4-Jun-2023.pdf;Literatura y Crítica Cultural;David Toscana;República Dominicana (1) - Rusia (1)
2023;5/02/2023;La hora de la verdad;5-Feb-2023.pdf;Política y Sociedad;Pedro Castillo;Argentina (2) - Bolivia (2) - Chile (2) - Colombia (3) - Cuba (3) - Honduras (2) - México (5) - Nicaragua (1) - Perú (2) - Venezuela (2)
2023;5/03/2023;Un aniversario;5-Mar-2023.pdf;Política y Sociedad;"Vladimir Putin
Volodímir Zelenski?";China (2) - Estados Unidos (1) - Rusia (4) - Ucrania (10) - URSS (1)
2023;5/11/2023;El asalto interminable;5-Nov-2023.pdf;Política y Sociedad;Benjamín Netanyahu;Estados Unidos (2) - Irán (1) - Israel (2) - Rusia (2) - Ucrania (3) - Yemen (1) - URSS (1) - Imperio Otomano (1)
2023;6/08/2023;La náusea;6-Ago-2023.pdf;"Literatura y Crítica Cultural
Filosofía y Reflexión Intelectual";Jean-Paul Sartre;Francia (2) - Rumanía (1)
2023;7/05/2023;Sartre y el viejo librero;7-May-2023.pdf;"Filosofía y Reflexión Intelectual
Historia y Memoria";Jean-Paul Sartre;Francia (6) - Luxemburgo (1)
2023;8/01/2023;El caso del Perú;8-Ene-2023.pdf;Política y Sociedad;Pedro Castillo;Argentina (1) - Bolivia (1) - Colombia (1) - Cuba (1) - España (1) - Estados Unidos (1) - México (4) - Perú (8) - Venezuela (2)
